Runtime,Aspect_Ratio,Content_Rating_Score,Genre_Musical,Genre_Romance,Genre_Sport,Genre_Crime,Genre_Documentary,Genre_Film_Noir,Genre_Short,Genre_Fantasy,Genre_Horror,Genre_Comedy,Genre_Western,Genre_Thriller,Genre_War,Genre_Animation,Genre_Family,Genre_Mystery,Genre_Adventure,Genre_Drama,Genre_History,Genre_Biography,Genre_Sci_Fi,Genre_News,Genre_Action,Release_Month,Director_Avg_Movie_Revenue,Lead_Actor_Avg_Movie_Revenue,Budget,Lead_Actor_Name,Director_Name,Revenue,class
178,1.78,2,0,0,0,0,0,0,0,1,0,0,0,0,0,0,0,0,1,0,0,0,1,0,1,11,514,538,237,Sam Worthington,James Cameron,2787,5
169,2.35,2,0,0,0,0,0,0,0,1,0,0,0,0,0,0,0,0,1,0,0,0,0,0,1,1,314,266,300,Johnny Depp,Gore Verbinski,961,1
164,2.35,2,0,0,0,0,0,0,0,0,0,0,0,1,0,0,0,0,0,0,0,0,0,0,1,5,464,422,250,Christian Bale,Christopher Nolan,1084,4
132,2.35,2,0,0,0,0,0,0,0,0,0,0,0,0,0,0,0,0,1,0,0,0,1,0,1,2,314,338,263,Taylor Kitsch,Andrew Stanton,284,1
156,2.35,2,0,1,0,0,0,0,0,0,0,0,0,0,0,0,0,0,1,0,0,0,0,0,1,7,414,438,258,Tobey Maguire,Sam Raimi,890,3
100,1.85,1,1,1,0,0,0,0,0,1,0,1,0,0,0,1,1,0,1,0,0,0,0,0,0,1,314,338,260,Zachary Levi,Nathan Greno,591,1
141,2.35,2,0,0,0,0,0,0,0,0,0,0,0,0,0,0,0,0,1,0,0,0,1,0,1,3,364,388,250,Robert Downey Jr.,Joss Whedon,1405,2
183,2.35,2,0,0,0,0,0,0,0,0,0,0,0,0,0,0,0,0,1,0,0,0,1,0,1,3,364,226,250,Ben Affleck,Zack Snyder,873,2
169,2.35,2,0,0,0,0,0,0,0,0,0,0,0,0,0,0,0,0,1,0,0,0,1,0,1,9,314,338,209,Brandon Routh,Bryan Singer,391,1
151,2.35,2,0,0,0,0,0,0,0,1,0,0,0,0,0,0,0,0,1,0,0,0,0,0,1,9,364,316,225,Johnny Depp,Gore Verbinski,1065,2
150,2.35,2,0,0,0,0,0,0,0,0,0,0,1,0,0,0,0,0,1,0,0,0,0,0,1,3,314,266,215,Johnny Depp,Gore Verbinski,89,1
143,2.35,2,0,0,0,0,0,0,0,1,0,0,0,0,0,0,0,0,1,0,0,0,1,0,1,8,364,312,225,Henry Cavill,Zack Snyder,662,2
150,2.35,1,0,0,0,0,0,0,0,1,0,0,0,0,0,0,1,0,1,0,0,0,0,0,1,1,314,338,225,Ben Barnes,Andrew Adamson,419,1
173,1.85,2,0,0,0,0,0,0,0,0,0,0,0,0,0,0,0,0,1,0,0,0,1,0,1,4,414,438,220,Robert Downey Jr.,Joss Whedon,1519,3
136,2.35,2,0,0,0,0,0,0,0,1,0,0,0,0,0,0,0,0,1,0,0,0,0,0,1,3,364,316,250,Johnny Depp,Rob Marshall,1045,2
106,1.85,2,0,0,0,0,0,0,0,1,0,1,0,0,0,0,1,0,1,0,0,0,1,0,1,2,314,338,225,Will Smith,Barry Sonnenfeld,624,1
153,2.35,2,0,0,0,0,0,0,0,1,0,0,0,0,0,0,0,0,1,0,0,0,0,0,1,4,414,438,230,Andrew Garfield,Marc Webb,752,3
156,2.35,2,0,0,0,0,0,0,0,0,0,0,0,0,0,0,0,0,1,1,1,0,0,0,1,2,201,184,200,Russell Crowe,Ridley Scott,30,1
186,2.35,2,0,0,0,0,0,0,0,1,0,0,0,0,0,0,0,0,1,0,0,0,0,0,0,3,364,388,225,Martin Freeman,Peter Jackson,958,2
113,2.35,2,0,0,0,0,0,0,0,1,0,0,0,0,0,0,1,0,1,0,0,0,0,0,0,1,263,338,180,Dakota Blue Richards,Chris Weitz,372,1
194,2.35,2,0,1,0,0,0,0,0,0,0,0,0,0,0,0,0,0,0,1,0,0,0,0,0,5,464,488,200,Kate Winslet,James Cameron,1845,4
147,2.35,2,0,0,0,0,0,0,0,0,0,0,0,0,0,0,0,0,1,0,0,0,1,0,1,9,364,388,250,Chris Evans,Anthony Russo,1153,2
131,2.35,2,0,0,0,0,0,0,0,0,0,0,0,1,0,0,0,0,1,0,0,0,1,0,1,3,208,293,209,Taylor Kitsch,Peter Berg,303,1
124,2,2,0,0,0,0,0,0,0,0,0,0,0,1,0,0,0,0,1,0,0,0,1,0,1,11,514,538,150,Chris Pratt,Colin Trevorrow,1513,5
135,2.35,2,0,1,0,0,0,0,0,1,0,0,0,0,0,0,0,0,1,0,0,0,0,0,1,3,314,338,200,Tobey Maguire,Sam Raimi,783,1
195,2.35,2,0,0,0,0,0,0,0,0,0,0,0,0,0,0,0,0,1,0,0,0,1,0,1,6,414,438,200,Robert Downey Jr.,Shane Black,1215,3
108,1.85,1,0,0,0,0,0,0,0,1,0,0,0,0,0,0,1,0,1,0,0,0,0,0,0,7,338,438,200,Mia Wasikowska,Tim Burton,1025,3
104,1.85,0,0,0,0,0,0,0,0,1,0,1,0,0,0,1,1,0,1,0,0,0,0,0,0,9,314,388,200,Billy Crystal,Dan Scanlon,743,1
150,2.35,2,0,0,0,0,0,0,0,0,0,0,0,0,0,0,0,0,1,0,0,0,1,0,1,3,364,388,200,Shia LaBeouf,Michael Bay,836,2
165,2.35,2,0,0,0,0,0,0,0,0,0,0,0,0,0,0,0,0,1,0,0,0,1,0,1,3,364,223,210,Mark Wahlberg,Michael Bay,1091,2
142,2.35,2,0,0,0,0,0,0,0,1,0,0,0,0,0,0,0,0,1,0,0,0,1,0,1,3,314,338,200,Andrew Garfield,Marc Webb,705,1
125,2.35,1,0,0,0,0,0,0,0,0,0,0,0,0,0,0,0,0,1,0,0,0,1,0,1,8,364,388,170,Garrett Hedlund,Joseph Kosinski,400,2
106,2.35,0,0,0,1,0,0,0,0,0,0,1,0,0,0,1,1,0,1,0,0,0,0,0,0,2,314,145,200,Owen Wilson,John Lasseter,559,1
123,2.35,2,0,0,0,0,0,0,0,0,0,0,0,0,0,0,0,0,1,0,0,0,1,0,1,3,165,240,200,Ryan Reynolds,Martin Campbell,219,1
103,1.85,0,0,0,0,0,0,0,0,1,0,1,0,0,0,1,1,0,1,0,0,0,0,0,0,3,364,363,200,Tom Hanks,Lee Unkrich,1066,2
118,2.35,2,0,0,0,0,0,0,0,0,0,0,0,0,0,0,0,0,1,0,0,0,1,0,1,3,191,272,200,Christian Bale,McG,371,1
140,2.35,2,0,0,0,1,0,0,0,0,0,0,0,1,0,0,0,0,0,0,0,0,0,0,1,7,414,438,190,Vin Diesel,James Wan,1506,3
123,2.35,2,0,0,0,0,0,0,0,0,1,0,0,1,0,0,0,0,1,0,0,0,1,0,1,3,187,243,190,Brad Pitt,Marc Forster,531,2
149,2.35,2,0,0,0,0,0,0,0,1,0,0,0,1,0,0,0,0,1,0,0,0,1,0,1,9,364,365,200,Hugh Jackman,Bryan Singer,747,2
132,2.35,2,0,0,0,0,0,0,0,0,0,0,0,0,0,0,0,0,1,0,0,0,1,0,1,3,314,267,190,Chris Pine,J.J. Abrams,467,1
114,2.35,2,0,0,0,0,0,0,0,1,0,0,0,0,0,0,0,0,1,0,0,0,0,0,0,1,314,157,195,Nicholas Hoult,Bryan Singer,197,1
116,2.35,2,0,1,0,0,0,0,0,1,0,0,0,0,0,0,0,0,1,0,0,0,0,0,1,1,76,71,200,Jake Gyllenhaal,Mike Newell,335,1
131,1.85,2,0,0,0,0,0,0,0,0,0,0,0,0,0,0,0,0,1,0,0,0,1,0,1,3,205,230,190,Idris Elba,Guillermo del Toro,407,1
154,2.35,2,0,0,0,0,0,0,0,0,0,0,0,0,0,0,0,0,1,0,0,0,1,0,1,4,414,438,195,Shia LaBeouf,Michael Bay,1123,3
122,2.35,2,0,0,0,0,0,0,0,1,0,0,0,0,0,0,0,0,1,0,0,0,0,0,1,6,414,326,185,Harrison Ford,Steven Spielberg,786,3
93,2.35,1,0,0,0,0,0,0,0,1,0,1,0,0,0,1,1,0,1,0,0,0,0,0,0,2,314,331,180,Raymond Ochoa,Peter Sohn,331,1
93,2.35,1,0,0,0,0,0,0,0,1,0,1,0,0,0,1,1,0,1,0,0,0,0,0,0,8,364,388,185,Kelly Macdonald,Mark Andrews,538,2
122,2.35,2,0,0,0,0,0,0,0,0,0,0,0,1,0,0,0,0,1,0,0,0,1,0,1,3,314,267,185,Chris Pine,Justin Lin,343,1
98,2.35,0,0,0,0,0,0,0,0,0,0,0,0,0,0,1,1,0,1,0,0,0,1,0,0,8,364,388,180,Ben Burtt,Andrew Stanton,521,2
91,2.35,2,0,0,0,1,0,0,0,0,0,1,0,1,0,0,0,0,0,0,0,0,0,0,1,1,151,201,140,Chris Tucker,Brett Ratner,258,1
158,2.35,2,0,0,0,0,0,0,0,0,0,0,0,0,0,0,0,0,1,0,0,0,1,0,1,9,364,975,200,John Cusack,Roland Emmerich,769,2
96,2.35,1,0,0,0,0,0,0,0,1,0,0,0,0,0,1,1,0,0,1,0,0,0,0,0,1,276,153,200,Gary Oldman,Robert Zemeckis,325,1
127,2.35,2,0,0,0,0,0,0,0,0,0,0,0,0,0,0,0,0,1,0,0,0,1,0,1,1,297,183,176,Mila Kunis,Lana Wachowski,183,1
110,2.35,2,0,1,0,0,0,0,0,0,0,0,0,0,0,0,0,0,1,1,0,0,0,0,1,2,314,338,180,Alexander Skarsgård,David Yates,356,1
150,2.35,1,0,0,0,0,0,0,0,1,0,0,0,0,0,0,1,0,1,0,0,0,0,0,0,9,364,388,180,William Moseley,Andrew Adamson,748,2
144,2.35,2,0,0,0,0,0,0,0,0,0,0,0,0,0,0,0,0,1,0,0,0,1,0,1,2,314,31,178,James McAvoy,Bryan Singer,543,1
152,2.35,2,0,0,0,1,0,0,0,0,0,0,0,1,0,0,0,0,0,1,0,0,0,0,1,7,414,372,185,Christian Bale,Christopher Nolan,1004,3
96,1.85,1,0,0,0,0,0,0,0,0,0,1,0,0,0,1,1,0,1,0,0,0,0,0,0,3,364,388,175,Ed Asner,Pete Docter,735,2
126,2.35,2,0,0,0,0,0,0,0,0,0,0,0,0,0,0,0,0,1,0,0,0,1,0,1,7,340,388,140,Robert Downey Jr.,Jon Favreau,585,2
126,1.85,1,0,0,0,0,0,0,0,0,0,0,0,0,0,0,1,1,1,1,0,0,0,0,0,3,100,74,170,Ben Kingsley,Martin Scorsese,185,1
106,1.85,2,0,0,0,0,0,0,0,0,0,1,1,0,0,0,0,0,0,0,0,0,1,0,1,1,313,338,170,Will Smith,Barry Sonnenfeld,222,1
112,2.35,2,0,0,0,0,0,0,0,1,1,0,0,1,0,0,0,0,1,0,0,0,0,0,1,9,200,171,145,Brendan Fraser,Rob Cohen,401,2
123,2.35,2,0,0,0,0,0,0,0,0,0,1,0,0,0,0,0,0,1,0,0,0,1,0,1,7,282,438,175,Will Smith,David Ayer,745,3
96,2.35,1,0,0,0,0,0,0,0,1,0,1,0,0,0,0,1,0,0,0,0,0,0,0,0,1,189,253,175,Steve Carell,Tom Shadyac,173,1
113,2.35,2,0,0,0,0,0,0,0,0,0,0,0,0,0,0,0,0,1,0,0,0,1,0,1,9,191,336,178,Tom Cruise,Doug Liman,370,1
176,1.85,2,0,0,0,0,0,0,0,0,0,0,0,1,0,0,0,0,1,0,0,0,1,0,1,9,175,99,175,Kevin Costner,Kevin Reynolds,264,1
118,2.35,2,0,0,0,0,0,0,0,0,0,0,0,1,0,0,0,0,1,0,0,0,1,0,1,1,186,145,175,Dennis Quaid,Stephen Sommers,302,1
95,1.85,1,0,0,0,0,0,0,0,1,0,1,0,0,0,1,1,0,1,1,0,0,0,0,0,9,364,388,175,Amy Poehler,Pete Docter,857,2
124,2.35,2,0,0,0,0,0,0,0,0,0,0,0,0,0,0,0,0,1,0,0,0,1,0,1,3,290,338,200,Robert Downey Jr.,Jon Favreau,623,1
132,2.35,2,0,0,0,0,0,0,0,1,0,0,0,0,0,0,0,0,1,1,0,0,0,0,1,1,314,338,170,Kristen Stewart,Rupert Sanders,396,1
97,2.35,1,0,1,0,0,0,0,0,1,0,0,0,0,0,0,1,0,1,0,0,0,0,0,1,7,364,265,180,Angelina Jolie,Robert Stromberg,754,2
130,1.85,2,0,0,0,0,0,0,0,0,0,0,0,0,0,0,0,0,1,1,0,0,1,0,1,9,343,388,170,Andy Serkis,Matt Reeves,710,2
128,2.35,2,0,0,0,0,0,0,0,1,0,0,0,0,0,0,0,0,1,1,0,0,0,0,1,2,150,165,175,Keanu Reeves,Carl Rinsch,150,1
136,2.35,2,0,0,0,0,0,0,0,0,0,0,0,0,0,0,0,0,1,0,0,0,1,0,1,7,364,388,170,Chris Evans,Anthony Russo,714,2
93,2.35,1,0,0,0,0,0,0,0,1,0,1,0,0,0,1,1,0,1,0,0,0,0,0,0,3,361,388,165,Mike Myers,Mike Mitchell,752,2
130,2.2,1,0,0,0,0,0,0,0,0,0,0,0,0,0,0,1,1,1,0,0,0,1,0,1,9,314,104,190,Britt Robertson,Brad Bird,209,1
102,2.39,1,0,0,0,0,0,0,0,0,0,1,0,0,0,1,1,0,1,1,0,0,1,0,1,9,364,388,165,Scott Adsit,Don Hall,652,2
101,2.35,1,0,0,0,0,0,0,0,0,0,1,0,0,0,1,1,0,1,0,0,0,1,0,0,9,364,179,165,John C. Reilly,Rich Moore,471,2
100,2.35,0,0,0,0,0,0,0,0,1,0,0,0,0,0,1,1,0,1,0,0,0,0,0,0,9,276,313,165,Tom Hanks,Robert Zemeckis,305,1
120,2.35,2,0,0,0,0,0,0,0,0,0,0,0,0,0,0,0,0,1,0,0,0,1,0,1,2,314,338,165,Liam Hemsworth,Roland Emmerich,389,1
98,2.35,1,0,0,0,0,0,0,0,1,0,0,0,0,0,1,1,0,1,0,0,0,0,0,0,9,364,388,165,Jay Baruchel,Dean DeBlois,494,2
109,2.35,3,0,0,0,0,0,0,0,0,0,0,0,0,0,0,0,0,0,0,0,0,1,0,1,9,202,178,200,Arnold Schwarzenegger,Jonathan Mostow,435,1
121,2.35,2,0,0,0,0,0,0,0,0,0,0,0,0,0,0,0,0,1,0,0,0,1,0,1,7,414,438,170,Chris Pratt,James Gunn,773,3
169,2.35,2,0,0,0,0,0,0,0,0,0,0,0,0,0,0,0,0,1,1,0,0,1,0,0,8,364,159,165,Matthew McConaughey,Christopher Nolan,675,2
148,2.35,2,0,0,0,0,0,0,0,0,0,0,0,1,0,0,0,0,1,0,0,0,1,0,1,7,414,353,160,Leonardo DiCaprio,Christopher Nolan,825,3
182,2.35,2,0,0,0,0,0,0,0,1,0,0,0,0,0,0,0,0,1,0,0,0,0,0,0,6,414,438,180,Ian McKellen,Peter Jackson,1021,3
106,2.35,2,0,0,0,1,0,0,0,0,0,0,0,1,0,0,0,0,0,0,0,0,0,0,1,1,150,90,380,Paul Walker,Rob Cohen,207,1
166,2.35,2,0,1,0,0,0,0,0,1,0,0,0,0,0,0,0,0,0,1,0,0,0,0,0,9,219,145,150,Cate Blanchett,David Fincher,333,1
132,2.35,2,0,0,0,0,0,0,0,0,0,0,0,0,0,0,0,0,1,0,0,0,1,0,1,1,314,301,160,James McAvoy,Matthew Vaughn,353,1
137,2.35,2,0,0,0,0,0,0,0,0,0,0,0,0,0,0,0,0,1,0,0,0,1,0,0,8,364,388,160,Jennifer Lawrence,Francis Lawrence,653,2
109,2.35,1,0,0,0,0,0,0,0,1,0,0,0,0,0,0,1,0,1,0,0,0,0,0,1,1,153,122,150,Nicolas Cage,Jon Turteltaub,215,1
98,2.35,2,0,0,0,0,0,0,0,0,0,0,0,1,0,0,0,0,1,1,0,0,0,0,1,2,301,54,160,Kurt Russell,Wolfgang Petersen,181,1
113,1.85,1,0,0,0,0,0,0,0,1,0,0,0,0,0,0,1,0,1,0,0,0,0,0,0,9,181,266,170,Johnny Depp,James Bobin,299,1
93,1.85,1,0,0,0,0,0,0,0,1,0,1,0,0,0,1,1,0,1,0,0,0,0,0,0,7,364,388,160,Mike Myers,Chris Miller,798,2
123,2.35,2,0,0,0,0,0,0,0,1,0,0,0,0,0,0,0,0,1,0,0,0,0,0,1,2,290,164,160,Paula Patton,Duncan Jones,433,1
126,2.35,2,0,0,0,0,0,0,0,0,0,0,0,0,0,0,0,0,1,0,0,0,1,0,1,2,314,178,155,Arnold Schwarzenegger,Alan Taylor,440,1
113,1.78,1,0,0,0,0,0,0,0,1,0,0,0,0,0,0,1,0,1,0,0,0,0,0,0,2,138,338,155,Skandar Keynes,Michael Apted,415,1
184,2.35,2,0,1,0,0,0,0,0,0,0,0,0,0,1,0,0,0,0,1,1,0,0,0,1,2,314,176,140,Ben Affleck,Michael Bay,449,1
144,2.35,2,0,0,0,0,0,0,0,0,0,0,0,0,0,0,0,0,1,0,0,0,1,0,1,6,414,438,150,Shia LaBeouf,Michael Bay,709,3
102,2.35,2,0,0,0,0,0,0,0,0,0,0,0,0,0,0,0,0,0,1,0,0,0,0,1,8,258,388,150,Will Smith,Peter Berg,624,2
104,2.35,2,0,0,0,0,0,0,0,0,1,0,0,0,0,0,0,0,0,1,0,0,1,0,0,3,364,388,150,Will Smith,Francis Lawrence,585,2
115,1.85,1,0,0,0,0,0,0,0,1,0,1,0,0,0,0,1,0,1,0,0,0,0,0,0,1,238,266,150,Johnny Depp,Tim Burton,474,1
111,2.35,0,0,0,0,0,0,0,0,1,0,1,0,0,0,1,1,0,0,0,0,0,0,0,0,3,364,438,150,Patton Oswalt,Brad Bird,623,2
128,2.35,2,0,0,0,0,0,0,0,0,0,0,0,0,0,0,0,0,1,0,0,0,0,0,1,1,314,272,150,Christian Bale,Christopher Nolan,374,1
89,1.85,1,0,0,0,0,0,0,0,0,0,1,0,0,0,1,1,0,1,0,0,0,0,0,1,3,364,308,150,Ben Stiller,Eric Darnell,603,2
105,2.35,1,0,0,0,0,0,0,0,1,0,1,0,0,0,0,1,0,1,0,0,0,0,0,0,2,201,258,150,Ben Stiller,Shawn Levy,413,1
119,2.35,2,0,0,0,0,0,0,0,1,0,0,0,1,0,0,0,0,1,0,0,0,1,0,1,2,174,315,150,Hugh Jackman,Gavin Hood,373,1
102,2.24,1,1,0,0,0,0,0,0,1,0,1,0,0,0,1,1,0,1,0,0,0,0,0,0,5,514,538,150,Kristen Bell,Chris Buck,1274,5
138,2.35,3,0,0,0,0,0,0,0,0,0,0,0,0,0,0,0,0,0,0,0,0,1,0,1,7,397,265,150,Keanu Reeves,Lana Wachowski,738,3
112,2.35,2,0,0,0,0,0,0,0,1,0,0,0,0,0,0,0,0,1,0,0,0,0,0,1,9,364,324,170,Chris Hemsworth,Alan Taylor,644,2
146,2.35,2,0,0,0,0,0,0,0,0,0,0,0,1,0,0,0,1,0,0,0,0,0,0,0,3,232,313,150,Tom Hanks,Ron Howard,356,1
115,2.35,2,0,0,0,0,0,0,0,1,0,0,0,0,0,0,0,0,1,0,0,0,0,0,1,3,364,324,150,Chris Hemsworth,Kenneth Branagh,449,2
96,1.85,1,0,0,0,0,0,0,0,0,0,1,0,0,0,1,1,0,1,1,0,0,0,0,0,2,314,118,150,John Travolta,Byron Howard,309,1
88,2.35,1,0,0,0,0,0,0,0,1,0,1,0,0,0,1,1,0,1,0,0,0,1,0,1,1,292,72,150,Sam Rockwell,Hoyt Yeatman,292,1
99,1.85,2,0,0,0,0,0,0,0,1,0,0,0,0,0,0,0,0,1,0,0,0,0,0,1,3,194,338,150,Sam Worthington,Jonathan Liebesman,301,1
113,1.85,2,0,0,0,0,0,0,0,1,1,1,0,0,0,0,0,0,0,0,0,0,0,0,0,9,238,266,100,Johnny Depp,Tim Burton,245,1
119,1.85,3,0,0,0,0,0,0,0,1,1,0,0,1,0,0,0,0,0,1,0,0,0,0,0,2,211,9,150,Benicio del Toro,Joe Johnston,200,1
91,1.85,1,0,0,0,0,0,0,0,0,0,1,0,0,0,1,1,0,1,0,0,0,0,0,0,9,287,287,150,Jerry Seinfeld,Steve Hickner,287,1
90,2.35,1,0,0,0,0,0,0,0,0,0,1,0,0,0,1,1,0,1,0,0,0,0,0,1,4,414,438,150,Jack Black,Jennifer Yuh Nelson,665,3
103,2.35,1,0,0,0,0,0,0,0,1,0,0,0,0,0,0,1,0,1,0,0,0,0,0,1,3,272,31,150,Noah Ringer,M. Night Shyamalan,318,1
124,2.35,2,0,0,0,0,0,0,0,0,0,0,0,1,0,0,0,0,1,0,0,0,0,0,1,9,314,336,150,Tom Cruise,J.J. Abrams,397,1
131,2.35,2,0,0,0,0,0,0,0,0,0,0,0,1,0,0,0,0,0,1,0,0,0,0,1,9,314,135,150,Channing Tatum,Roland Emmerich,205,1
88,2.35,1,0,0,0,0,0,0,0,0,0,1,0,0,0,1,1,0,1,0,0,0,1,0,1,3,127,36,150,Seth Green,Simon Wells,38,1
111,2.35,1,0,0,0,0,0,0,0,1,0,0,0,0,0,0,1,0,1,0,0,0,0,0,0,3,960,128,150,Levi Miller,Joe Wright,128,1
92,1.85,1,0,0,0,0,0,0,0,0,0,1,0,0,0,1,1,0,1,0,0,0,1,0,0,1,188,272,145,Ty Burrell,Rob Minkoff,272,1
196,2.35,3,0,0,0,0,0,0,0,0,0,0,0,0,0,0,0,0,1,0,0,0,0,0,0,3,351,243,175,Brad Pitt,Wolfgang Petersen,497,2
93,1.85,1,0,0,0,0,0,0,0,0,0,1,0,0,0,1,1,0,1,0,0,0,0,0,0,7,414,358,145,Ben Stiller,Eric Darnell,746,3
116,2.35,2,0,0,0,0,0,0,0,1,0,1,0,0,0,0,0,0,0,0,0,0,1,0,1,1,169,136,144,Melissa McCarthy,Paul Feig,229,1
153,2.35,2,0,0,0,0,0,0,0,0,0,0,0,1,0,0,0,0,1,0,0,0,1,0,1,3,364,204,140,Bruce Willis,Michael Bay,553,2
88,1.85,2,0,0,0,0,0,0,0,1,0,1,0,0,0,0,1,1,1,0,0,0,1,0,1,9,314,180,140,Tommy Lee Jones,Barry Sonnenfeld,441,1
115,2.35,2,0,0,0,0,0,0,0,1,0,0,0,0,0,1,0,0,1,0,0,0,0,0,1,2,276,195,150,Ray Winstone,Robert Zemeckis,195,1
95,2.35,1,0,0,0,0,0,0,0,0,0,1,0,0,0,1,1,0,1,0,0,0,0,0,1,3,364,388,145,Jack Black,Alessandro Carloni,521,2
133,2.35,2,0,0,0,0,0,0,0,0,0,0,0,1,0,0,0,0,1,0,0,0,0,0,1,6,414,436,145,Tom Cruise,Brad Bird,694,3
97,1.85,1,0,0,0,0,0,0,0,1,0,0,0,0,0,1,1,0,1,0,0,0,0,0,0,9,306,267,145,Chris Pine,Peter Ramsey,306,1
90,2.35,2,0,0,0,1,0,0,0,0,0,1,0,0,0,0,0,0,0,0,0,0,0,0,0,1,75,187,100,Jim Carrey,Dean Parisot,202,1
154,2.35,3,0,0,0,0,0,0,0,0,0,0,0,0,1,0,0,0,0,1,1,0,0,0,1,7,210,386,140,Tom Cruise,Edward Zwick,456,2
127,2.35,2,0,0,0,0,0,0,0,0,0,0,0,0,0,0,0,0,1,0,0,0,1,0,1,1,314,267,150,Chris Pine,J.J. Abrams,385,1
121,1.85,2,0,1,0,0,0,0,0,1,0,0,0,0,0,0,0,0,1,0,0,0,0,0,1,4,414,438,139,Tobey Maguire,Sam Raimi,821,3
102,2.35,1,0,0,0,0,0,0,0,1,0,1,0,0,0,1,1,0,1,0,0,0,0,0,1,7,414,438,145,Jay Baruchel,Dean DeBlois,609,3
126,2.35,2,0,0,0,0,0,0,0,1,0,0,0,0,0,0,0,0,1,0,0,0,0,0,1,9,186,75,140,Brenton Thwaites,Alex Proyas,150,1
121,2.35,2,0,0,0,0,0,0,0,0,0,0,0,1,0,0,0,0,1,0,0,0,1,0,1,3,150,59,135,Josh Lucas,Rob Cohen,76,1
215,2.35,3,0,0,0,0,0,0,0,0,0,0,0,0,0,0,0,1,0,1,0,0,1,0,1,9,314,18,130,Malin Åkerman,Zack Snyder,185,1
127,2.35,3,0,0,0,1,0,0,0,0,0,0,0,1,0,0,0,0,0,0,0,0,0,0,1,9,14,240,140,Mel Gibson,Richard Donner,285,1
138,1.85,2,0,0,0,0,0,0,0,0,0,0,0,0,0,0,0,0,0,0,0,0,1,0,1,9,168,70,137,Eric Bana,Ang Lee,245,1
122,2.35,2,0,0,0,0,0,0,0,0,0,0,0,1,0,0,0,0,1,0,0,0,1,0,1,3,273,228,130,Dwayne Johnson,Jon M. Chu,371,2
106,1.85,2,0,1,0,0,0,0,0,1,0,0,0,0,0,1,0,0,1,0,0,0,1,0,1,9,85,42,137,Donald Sutherland,Hironobu Sakaguchi,85,1
124,2.35,2,0,0,0,0,0,0,0,0,0,0,0,0,0,0,0,0,1,0,0,0,1,0,1,3,261,388,140,Chris Evans,Joe Johnston,370,2
138,2.35,2,0,0,0,0,0,0,0,0,0,0,0,0,1,0,0,0,1,1,1,0,0,0,1,2,195,184,150,Russell Crowe,Peter Weir,212,1
115,2.35,2,0,1,0,0,0,0,0,1,0,0,0,0,0,0,0,0,1,1,0,0,0,0,0,6,349,488,120,Kristen Stewart,Bill Condon,829,4
135,2.35,2,0,0,0,0,0,0,0,0,0,0,0,0,0,0,0,0,1,0,0,0,1,0,1,11,371,260,10,Edward Norton,Louis Leterrier,163,5
156,2.35,3,0,0,0,0,0,0,0,0,0,0,1,1,0,0,0,0,1,1,0,0,0,0,0,7,346,303,135,Leonardo DiCaprio,Alejandro G. Iñárritu,532,2
96,2.35,1,0,0,1,0,0,0,0,0,0,1,0,0,0,1,1,0,1,0,0,0,0,0,0,1,282,240,135,Ryan Reynolds,David Soren,282,1
107,2.35,1,0,0,0,0,0,0,0,0,0,1,1,0,0,1,1,0,1,0,0,0,0,0,0,2,314,266,135,Johnny Depp,Gore Verbinski,245,1
92,1.85,1,0,0,0,0,0,0,0,0,0,1,0,0,0,1,1,0,1,0,0,0,0,0,0,8,364,438,132,Tom McGrath,Eric Darnell,373,2
115,2.35,2,0,0,0,0,0,0,0,0,0,0,0,1,0,0,0,1,0,0,0,0,0,0,1,7,275,192,110,Matt Damon,Paul Greengrass,442,2
92,2.35,1,0,0,0,0,0,0,0,0,0,1,0,0,0,1,1,0,1,0,0,0,0,0,1,4,414,488,130,Jack Black,Mark Osborne,631,3
117,1.85,2,0,0,0,0,0,0,0,0,0,1,0,0,0,0,0,0,1,0,0,0,1,0,1,9,260,92,130,Paul Rudd,Peyton Reed,519,1
146,2.35,2,0,0,0,0,0,0,0,0,0,0,0,1,0,0,0,0,1,0,0,0,1,0,0,10,464,488,130,Jennifer Lawrence,Francis Lawrence,847,4
94,1.85,1,0,0,0,0,0,0,0,1,0,1,0,0,0,1,1,0,1,0,0,0,1,0,0,4,297,438,135,Jim Parsons,Tim Johnson,368,3
116,1.85,2,0,0,0,0,0,0,0,0,0,0,0,1,0,0,0,0,1,0,0,0,1,0,0,9,314,336,132,Tom Cruise,Steven Spielberg,591,1
147,2.35,3,0,0,0,1,0,0,0,0,0,1,0,1,0,0,0,0,0,0,0,0,0,0,1,3,364,150,130,Martin Lawrence,Michael Bay,273,2
90,2.35,1,0,0,0,0,0,0,0,1,0,1,0,0,0,1,1,0,1,0,0,0,0,0,1,8,364,189,130,Antonio Banderas,Chris Miller,554,2
101,2.35,2,0,0,0,1,0,0,0,0,0,0,0,1,0,0,0,1,0,0,0,0,0,0,1,3,191,215,110,Angelina Jolie,Phillip Noyce,293,1
138,1.85,2,0,0,0,0,0,0,0,0,0,0,0,0,0,0,0,0,1,1,0,0,0,0,1,3,176,234,125,Russell Crowe,Darren Aronofsky,362,2
107,2.35,1,0,0,0,0,0,0,0,0,0,0,0,0,0,0,1,1,1,0,0,0,0,0,1,3,314,185,135,Jamie Bell,Steven Spielberg,371,1
100,2.35,2,0,0,0,0,0,0,0,0,0,0,0,0,0,0,0,0,1,0,0,0,1,0,1,1,272,243,130,Jaden Smith,M. Night Shyamalan,243,1
82,1.85,1,0,0,0,0,0,0,0,0,0,0,0,1,0,1,1,0,1,0,0,0,0,0,0,9,364,388,127,D. B. Sweeney,Eric Leighton,354,2
98,1.85,1,0,0,0,0,0,0,0,1,0,1,0,0,0,0,1,0,1,0,0,0,0,0,0,2,201,258,127,Ben Stiller,Shawn Levy,349,1
95,2.35,1,0,0,0,0,0,0,0,0,0,1,0,0,0,1,1,0,0,0,0,0,1,0,1,9,314,117,130,Will Ferrell,Tom McGrath,321,1
96,2.35,2,0,0,0,0,0,0,0,1,0,1,0,0,0,0,0,0,0,0,0,0,0,0,1,3,155,76,130,Jeff Bridges,Robert Schwentke,61,1
143,2.35,2,0,0,0,0,0,0,0,1,0,0,0,0,0,0,0,0,1,0,0,0,0,0,1,7,414,366,140,Johnny Depp,Gore Verbinski,655,3
123,2.35,2,0,0,0,0,0,0,0,0,0,0,0,1,0,0,0,0,1,0,0,0,1,0,0,5,464,488,125,Jennifer Lawrence,Francis Lawrence,752,4
174,2.35,2,0,0,0,0,0,0,0,0,0,0,0,1,0,0,0,1,0,0,0,0,0,0,0,5,382,181,125,Tom Hanks,Ron Howard,767,4
101,2.35,0,1,0,0,0,0,0,0,0,0,1,0,0,0,1,1,0,1,0,0,0,0,0,0,7,414,322,103,Jesse Eisenberg,Carlos Saldanha,500,3
132,2.35,2,0,0,0,1,0,0,0,0,0,0,0,1,0,0,0,0,0,0,0,0,0,0,1,6,432,488,125,Vin Diesel,Justin Lin,626,4
129,2.35,2,0,0,0,1,0,0,0,0,0,0,0,1,0,0,0,1,1,0,0,0,0,0,1,3,364,388,125,Robert Downey Jr.,Guy Ritchie,334,2
106,2.35,2,0,0,0,0,0,0,0,1,0,0,0,0,0,0,0,0,1,0,0,0,0,0,1,2,171,338,125,Sam Worthington,Louis Leterrier,232,1
113,1.85,3,0,0,0,0,0,0,0,0,0,0,0,0,0,0,0,0,0,0,0,0,1,0,1,7,240,67,65,Arnold Schwarzenegger,Paul Verhoeven,261,2
102,2.35,3,0,0,0,0,0,0,0,0,0,0,0,0,0,0,0,0,1,0,1,0,0,0,1,3,951,139,85,Antonio Banderas,John McTiernan,61,1
135,2.35,2,0,0,0,0,0,0,0,0,0,0,0,1,0,0,0,0,1,0,0,0,0,0,1,2,143,10,125,Jeremy Renner,Tony Gilroy,276,1
125,1.85,2,0,0,0,0,0,0,0,0,0,0,0,0,0,0,0,0,0,0,0,0,0,0,1,3,118,144,125,George Clooney,Joel Schumacher,238,1
110,1.85,1,0,0,0,0,0,0,0,1,0,1,0,0,0,0,1,0,0,0,0,0,0,0,0,4,332,287,123,Jim Carrey,Ron Howard,345,3
124,2.35,2,0,0,0,0,0,0,0,0,0,0,0,1,0,0,0,0,1,0,0,0,1,0,1,7,414,245,125,Dennis Quaid,Roland Emmerich,544,3
123,2.35,2,0,0,0,0,0,0,0,0,0,0,0,1,0,0,0,0,1,0,0,0,0,0,1,4,323,436,125,Tom Cruise,John Woo,546,3
130,2.35,2,0,0,0,0,0,0,0,0,0,0,0,1,0,0,0,0,1,1,0,0,0,0,1,8,351,194,140,George Clooney,Wolfgang Petersen,325,2
92,2.35,1,0,0,0,0,0,0,0,0,0,0,0,1,0,0,0,0,1,0,0,0,1,0,1,9,115,198,130,Ioan Gruffudd,Tim Story,289,1
127,1.85,1,0,0,0,0,0,0,0,1,0,0,0,0,0,0,0,0,1,1,0,0,0,0,0,7,268,438,120,Suraj Sharma,Ang Lee,609,3
123,2.35,2,0,0,0,0,0,0,0,1,0,0,0,1,0,0,0,0,0,0,0,0,0,0,1,9,123,122,110,Nicolas Cage,Mark Steven Johnson,228,1
107,2.35,2,0,0,0,1,0,0,0,0,0,1,0,0,0,0,0,0,1,0,0,0,0,0,1,3,191,173,120,Cameron Diaz,McG,259,1
124,2.35,3,0,0,0,0,0,0,0,0,0,0,0,0,0,0,0,1,1,0,0,0,1,0,0,7,251,388,130,Noomi Rapace,Ridley Scott,403,2
77,1.85,1,0,0,0,0,0,0,0,1,0,1,0,0,0,1,1,0,1,0,0,0,0,0,0,9,188,218,120,Michael J. Fox,Rob Minkoff,169,1
109,2.35,3,0,0,0,0,0,0,0,0,0,0,0,1,0,0,0,0,0,1,0,0,1,0,1,3,245,192,115,Matt Damon,Neill Blomkamp,289,2
134,2.35,2,0,0,0,0,0,0,0,0,0,0,0,1,0,0,0,0,1,0,0,0,1,0,1,9,725,338,105,Vin Diesel,David Twohy,115,1
117,2.35,2,0,0,0,1,0,0,0,0,0,0,0,1,0,0,0,0,0,0,0,0,1,0,1,2,142,242,100,Joel Kinnaman,José Padilha,242,1
135,2.35,1,0,0,1,0,0,0,0,0,0,0,0,0,0,0,1,0,0,0,0,0,0,0,1,1,297,36,120,Emile Hirsch,Lana Wachowski,93,1
121,1.85,2,0,1,0,0,0,0,0,0,0,1,0,0,0,0,0,0,0,1,0,0,0,0,0,2,139,97,120,Reese Witherspoon,James L. Brooks,48,1
117,2.35,2,0,1,0,0,0,0,0,0,0,1,0,0,0,0,0,0,0,0,0,0,0,0,1,2,1336,336,117,Tom Cruise,James Mangold,261,1
124,2.35,2,0,0,0,0,0,0,0,0,0,0,0,0,0,0,0,1,1,0,0,0,1,0,1,2,314,336,120,Tom Cruise,Joseph Kosinski,286,1
140,2.35,2,0,0,0,0,0,0,0,1,0,0,0,0,0,0,0,0,1,0,0,0,1,0,1,5,514,538,113,Ewan McGregor,George Lucas,850,5
142,1.78,1,0,0,0,0,0,0,0,1,0,0,0,0,0,0,0,0,1,0,0,0,1,0,1,10,464,488,115,Ewan McGregor,George Lucas,649,4
92,1.85,0,0,0,0,0,0,0,0,1,0,1,0,0,0,1,1,0,1,0,0,0,0,0,0,6,414,438,115,John Goodman,Pete Docter,562,3
138,2.35,2,0,0,0,0,0,0,0,0,0,0,0,1,0,0,0,0,1,0,0,0,1,0,1,3,183,365,120,Hugh Jackman,James Mangold,415,2
136,2.35,1,0,0,0,0,0,0,0,1,0,0,0,0,0,0,0,0,1,0,0,0,1,0,1,5,514,413,115,Liam Neeson,George Lucas,924,5
98,2.35,1,0,0,0,0,0,0,0,1,0,1,0,0,0,1,1,0,1,0,0,0,0,0,0,4,414,222,135,Nicolas Cage,Kirk De Micco,585,3
153,2.35,3,0,0,0,0,0,0,0,0,0,0,0,0,1,0,0,0,0,1,0,0,0,0,1,9,223,122,115,Nicolas Cage,John Woo,77,1
120,2.35,2,0,0,0,0,0,0,0,1,0,0,0,0,0,0,0,0,1,1,0,0,0,0,1,1,164,274,115,Chris Hemsworth,Cedric Nicolas-Troyan,164,1
101,2.35,2,0,0,0,0,0,0,0,0,0,1,0,0,0,0,0,0,1,0,0,0,1,0,1,9,244,301,125,Megan Fox,Jonathan Liebesman,477,2
108,2.35,2,0,0,0,0,0,0,0,0,0,0,0,1,0,0,0,0,1,0,0,0,0,0,1,2,89,55,116,Pierce Brosnan,Roger Donaldson,178,1
112,2.35,2,0,0,0,0,0,0,0,0,0,1,0,0,0,0,0,0,1,0,0,0,1,0,1,3,145,251,135,Megan Fox,Dave Green,245,1
100,2.35,2,0,0,0,0,0,0,0,0,0,0,0,0,0,0,0,0,1,0,0,0,1,0,1,2,156,589,120,Miles Teller,Josh Trank,167,1
108,1.85,1,0,0,0,0,0,0,0,1,0,1,0,0,0,0,1,0,1,0,0,0,0,0,1,4,301,358,110,Ben Stiller,Shawn Levy,574,3
114,2.35,2,0,0,0,0,0,0,0,0,0,0,0,1,0,0,0,0,1,1,0,0,0,0,1,3,364,228,110,Dwayne Johnson,Brad Peyton,470,2
142,2.35,3,0,0,0,0,0,0,0,0,0,0,0,0,1,0,0,0,0,1,1,0,0,0,1,3,314,240,110,Mel Gibson,Roland Emmerich,215,1
125,2.35,2,0,0,0,1,0,0,0,0,0,0,0,1,0,0,0,0,0,0,0,0,0,0,0,3,198,194,110,George Clooney,Steven Soderbergh,362,2
126,2.35,2,0,1,0,1,0,0,0,0,0,1,0,1,0,0,0,0,0,0,0,0,0,0,1,4,291,315,120,Angelina Jolie,Doug Liman,478,3
119,2.35,2,0,0,0,0,0,0,0,0,0,0,0,1,0,0,0,0,1,0,0,0,1,0,0,2,155,267,110,Shailene Woodley,Robert Schwentke,295,1
170,2.35,2,0,0,0,0,0,0,0,0,0,0,0,0,0,0,0,0,0,1,0,1,0,0,0,2,100,253,110,Leonardo DiCaprio,Martin Scorsese,102,1
85,2.35,1,0,0,0,0,0,0,0,1,0,1,0,0,0,0,1,0,1,0,0,0,0,0,0,1,197,338,112,Jack Black,Rob Letterman,27,1
119,2.35,2,0,0,0,1,0,0,0,0,0,1,0,1,0,0,0,0,0,0,0,0,1,0,1,9,103,127,120,Seth Rogen,Michel Gondry,227,1
102,2.35,3,0,0,0,0,0,0,0,1,0,0,0,0,1,0,0,0,0,1,0,0,0,0,1,9,314,33,110,Sullivan Stapleton,Noam Murro,337,1
103,1.78,1,0,0,0,0,0,0,0,1,0,1,0,0,0,1,1,0,1,0,0,0,0,0,0,6,381,327,110,Hank Azaria,Raja Gosnell,563,3
76,1.78,1,0,0,0,0,0,0,0,0,0,1,1,0,0,1,1,0,0,0,0,0,0,0,0,3,103,103,110,Roseanne Barr,Will Finn,103,1
120,2.35,2,0,0,0,0,0,0,0,0,0,0,0,1,0,0,0,1,1,0,0,0,1,0,1,3,155,267,110,Shailene Woodley,Robert Schwentke,179,1
127,2.35,2,0,0,1,0,0,0,0,0,0,0,0,0,0,0,0,0,0,1,0,0,1,0,1,3,201,315,110,Hugh Jackman,Shawn Levy,299,1
105,1.85,1,0,0,0,0,0,0,0,1,0,1,0,0,0,1,1,0,1,0,0,0,0,0,0,8,331,277,105,Hank Azaria,Raja Gosnell,347,2
121,2.35,2,0,1,0,1,0,0,0,0,0,0,0,1,0,0,0,0,0,0,0,0,0,0,1,9,25,153,160,Sandra Bullock,Jan de Bont,164,1
114,2.35,2,0,0,0,0,0,0,0,0,0,0,0,0,0,0,0,0,0,0,0,0,1,0,1,9,174,125,110,Asa Butterfield,Gavin Hood,125,1
129,2.35,2,0,0,0,0,0,0,0,0,0,0,0,1,0,0,0,0,1,0,0,0,0,0,1,9,297,204,110,Bruce Willis,Len Wiseman,383,2
120,2.35,1,0,0,0,0,0,0,0,0,0,1,0,0,0,0,0,0,1,0,0,0,0,0,1,9,123,69,110,Jackie Chan,Frank Coraci,72,1
165,2.35,3,0,0,1,0,0,0,0,0,0,0,0,0,0,0,0,0,0,1,0,1,0,0,0,3,112,338,107,Will Smith,Michael Mann,87,1
82,1.85,1,0,0,0,0,0,0,0,1,0,1,0,0,0,0,1,0,1,0,0,0,0,0,0,9,100,338,109,Mike Myers,Bo Welch,150,1
115,2.35,2,0,0,0,0,0,0,0,0,0,0,0,1,0,0,0,1,0,0,0,0,1,0,1,3,186,338,120,Will Smith,Alex Proyas,347,1
194,2.35,3,0,0,0,0,0,0,0,0,0,0,0,0,1,0,0,0,1,1,1,0,0,0,1,3,201,131,130,Orlando Bloom,Ridley Scott,211,1
97,1.85,0,1,1,0,0,0,0,0,1,0,0,0,0,0,1,1,0,0,0,0,0,0,0,0,3,293,267,105,Anika Noni Rose,Ron Clements,267,1
151,2.35,2,0,0,0,0,0,0,0,0,0,0,0,0,0,0,0,0,1,1,0,0,1,0,0,4,301,242,108,Matt Damon,Ridley Scott,630,3
136,2.35,2,0,1,0,0,0,0,0,0,0,0,0,1,0,0,0,0,1,0,0,0,1,0,1,9,314,338,126,Ewan McGregor,Michael Bay,162,1
127,2.35,2,0,0,0,1,0,0,0,0,0,0,0,1,0,0,0,0,0,0,0,0,0,0,1,1,132,122,90,Nicolas Cage,Dominic Sena,237,1
171,2.35,3,0,1,0,0,0,0,0,0,0,0,0,0,0,0,0,0,0,1,0,0,0,0,1,7,251,234,103,Russell Crowe,Ridley Scott,457,2
145,2.35,2,0,0,0,0,0,0,0,0,0,0,0,1,0,0,0,1,0,0,0,0,1,0,1,8,364,386,102,Tom Cruise,Steven Spielberg,358,2
119,2.35,2,0,0,0,0,0,0,0,0,0,0,0,1,0,0,0,0,1,0,0,0,1,0,1,1,238,173,100,Mark Wahlberg,Tim Burton,362,1
153,2.35,3,0,0,0,0,0,0,0,0,0,0,0,0,0,0,0,0,0,0,0,0,1,0,1,6,414,278,102,Arnold Schwarzenegger,James Cameron,520,3
140,2.35,3,0,1,0,1,0,0,0,0,0,0,0,0,0,0,0,0,0,1,1,1,0,0,0,2,112,272,100,Christian Bale,Michael Mann,214,1
176,1.85,3,0,0,0,1,0,0,0,0,0,0,0,0,0,0,0,0,0,1,0,1,0,0,0,9,201,119,100,Denzel Washington,Ridley Scott,266,1
141,2.35,3,0,0,0,0,0,0,0,0,0,1,0,1,0,0,0,0,0,0,0,0,0,0,1,3,364,228,115,Arnold Schwarzenegger,James Cameron,378,2
106,2.35,3,0,0,0,1,0,0,0,0,0,0,0,1,0,0,0,0,0,0,0,0,0,0,1,3,170,119,100,Denzel Washington,Tony Scott,150,1
98,1.85,2,0,1,0,0,0,0,0,0,0,1,0,0,0,0,0,0,0,0,0,0,0,0,0,9,72,89,100,Robert De Niro,Paul Weitz,310,1
116,2.35,2,0,0,0,1,0,0,0,0,0,1,0,0,0,0,0,0,0,0,0,0,0,0,1,1,143,117,100,Will Ferrell,Adam McKay,170,1
115,2.35,3,0,0,0,0,0,0,0,0,0,0,0,1,0,0,0,1,0,1,0,0,0,0,1,2,134,178,100,Arnold Schwarzenegger,Chuck Russell,242,1
165,2.35,3,0,0,0,0,0,0,0,0,0,0,1,0,0,0,0,0,0,1,0,0,0,0,0,4,287,231,100,Jamie Foxx,Quentin Tarantino,425,3
91,1.78,0,1,1,0,0,0,0,0,0,0,0,0,0,0,1,1,0,0,1,0,0,0,0,0,2,143,100,100,Tom Hulce,Gary Trousdale,100,1
78,1.66,0,0,0,0,0,0,0,0,1,0,1,0,0,0,1,1,0,1,0,0,0,0,0,0,2,162,66,100,David Spade,Mark Dindal,169,1
103,2.35,3,0,0,0,0,0,0,0,0,0,0,0,1,0,0,0,0,1,0,0,0,0,0,1,3,135,147,92,Sylvester Stallone,Simon West,312,1
131,2.35,1,0,0,0,0,0,0,0,0,0,1,0,0,0,0,1,1,1,0,0,0,0,0,1,7,203,172,100,Nicolas Cage,Jon Turteltaub,347,2
104,2.35,1,0,0,0,0,0,0,0,1,0,0,0,0,0,0,1,0,1,0,0,0,0,0,1,2,249,249,100,Ed Speleers,Stefen Fangmeier,249,1
102,2.35,1,0,0,0,0,0,0,0,1,0,0,0,0,0,1,1,0,1,0,0,0,0,0,0,2,304,203,100,Josh Hutcherson,Chris Wedge,268,1
103,2.35,2,0,1,0,0,0,0,0,0,0,0,0,1,0,0,0,0,0,0,0,0,0,0,1,9,278,266,100,Johnny Depp,Florian Henckel von Donnersmarck,278,1
121,2.35,3,0,0,0,0,0,0,0,1,1,0,0,0,0,0,0,1,0,0,0,0,0,0,1,7,155,228,83,Arnold Schwarzenegger,Peter Hyams,211,2
240,2.35,3,0,0,0,1,0,0,0,0,0,1,0,0,0,0,0,0,0,1,0,1,0,0,0,7,150,303,100,Leonardo DiCaprio,Martin Scorsese,392,2
121,1.85,2,0,0,0,0,0,0,0,1,0,0,0,0,0,0,0,0,1,0,0,0,0,0,1,8,168,142,100,Val Kilmer,Joel Schumacher,336,2
129,1.85,3,0,0,0,0,0,0,0,0,0,0,0,0,1,0,0,0,0,0,0,0,1,0,1,2,190,61,105,Casper Van Dien,Paul Verhoeven,121,1
101,2.35,1,0,0,0,0,0,0,0,1,0,0,0,0,0,1,1,0,1,0,0,0,0,0,1,9,314,140,80,Emily Barclay,Zack Snyder,140,1
87,2.35,2,0,1,0,1,0,0,0,1,0,0,0,1,0,0,0,0,0,0,0,0,0,0,1,2,82,68,100,Halle Berry,Pitof,82,1
101,2.35,2,0,0,0,0,0,0,0,0,0,0,0,0,0,0,0,0,1,0,0,0,0,0,1,9,151,178,100,Dwayne Johnson,Brett Ratner,243,1
95,1.5,1,0,0,0,0,0,0,0,0,0,0,0,0,0,1,1,0,1,0,0,0,1,0,0,1,293,41,140,Joseph Gordon-Levitt,Ron Clements,109,1
102,1.85,2,0,0,0,0,0,0,0,0,0,1,0,0,0,0,0,0,1,0,0,0,1,0,0,1,122,117,100,Will Ferrell,Brad Silberling,68,1
131,2.35,2,0,0,0,0,0,0,0,0,0,0,0,1,0,0,0,0,1,0,0,0,0,0,1,2,206,147,90,Sylvester Stallone,Patrick Hughes,206,1
114,2.35,2,0,0,1,1,0,0,0,0,0,0,0,1,0,0,0,0,0,0,0,0,0,0,1,1,133,133,105,Edgar Ramírez,Ericson Core,133,1
94,1.85,1,0,0,0,0,0,0,0,1,0,1,0,0,0,0,1,0,0,0,0,0,0,0,0,2,466,70,84,Jamie Kennedy,Lawrence Guterman,100,1
122,1.85,2,0,0,0,0,0,0,0,0,0,0,0,1,0,0,0,0,1,1,1,1,0,0,1,9,232,274,100,Chris Hemsworth,Ron Howard,93,1
95,1.85,2,0,0,0,0,0,0,0,0,0,1,0,0,0,0,0,0,0,0,0,0,1,0,1,3,185,118,100,Eddie Murphy,Ron Underwood,7,1
88,1.85,0,0,0,0,0,0,0,0,0,0,1,0,0,0,1,1,0,1,0,0,0,0,0,0,1,314,24,99,Noah Schnapp,Steve Martino,246,1
110,1.85,1,0,0,0,0,0,0,0,0,0,0,0,1,0,0,0,1,0,1,0,0,0,0,0,1,7,56,100,Steve Martin,David Mamet,13,1
130,2.35,2,0,0,0,0,0,0,0,1,0,0,0,1,0,0,0,0,1,0,0,0,0,0,1,4,286,221,98,Brendan Fraser,Stephen Sommers,433,3
216,2.35,3,0,0,0,1,0,0,0,0,0,0,0,0,0,0,0,0,0,1,0,0,0,0,0,1,100,253,100,Leonardo DiCaprio,Martin Scorsese,193,1
85,1.85,1,0,0,1,0,0,0,0,0,0,1,0,0,0,1,1,0,0,0,0,0,0,0,0,3,149,338,100,Shia LaBeouf,Ash Brannon,149,1
93,1.85,2,0,0,0,0,0,0,0,0,0,1,0,1,0,0,0,0,0,0,0,0,1,0,0,1,302,40,90,Nicole Kidman,Frank Oz,102,1
152,2.35,3,0,0,0,0,0,0,0,0,0,0,0,0,1,0,0,0,0,1,1,0,0,0,0,3,201,65,92,Josh Hartnett,Ridley Scott,172,1
85,1.85,3,0,0,0,0,0,0,0,0,0,1,0,0,0,0,0,0,0,0,0,0,0,0,0,1,244,117,95,Will Ferrell,Jay Roach,104,1
146,1.85,3,0,1,0,0,0,0,0,0,0,1,0,0,0,0,0,0,0,1,0,0,0,0,0,1,288,159,100,Sarah Jessica Parker,Michael Patrick King,288,1
89,1.85,1,0,1,0,0,0,0,0,0,0,1,0,0,0,1,1,0,1,0,0,0,0,0,0,9,382,38,95,Kenneth Branagh,Bibo Bergeron,76,1
88,2.35,1,0,0,0,0,0,0,0,0,0,1,0,0,0,1,1,0,1,0,0,0,0,0,0,10,464,488,95,John Leguizamo,Steve Martino,877,4
105,2.35,1,0,1,0,0,0,0,0,1,0,0,0,0,0,0,1,0,0,1,0,0,0,0,0,7,414,379,95,Lily James,Kenneth Branagh,543,3
135,2.35,2,0,0,0,0,0,0,0,1,0,0,0,1,0,0,0,0,0,1,0,0,0,0,0,9,314,49,65,Rachel Weisz,Peter Jackson,93,1
100,1.85,0,0,0,0,0,0,0,0,0,0,1,0,0,0,1,1,0,1,0,0,0,0,0,0,11,514,523,94,Albert Brooks,Andrew Stanton,940,5
192,2.35,2,0,0,0,0,0,0,0,1,0,0,0,0,0,0,0,0,1,1,0,0,0,0,1,11,514,538,94,Elijah Wood,Peter Jackson,1118,5
172,2.35,2,0,0,0,0,0,0,0,1,0,0,0,0,0,0,0,0,1,1,0,0,0,0,1,5,514,538,94,Elijah Wood,Peter Jackson,926,5
102,2.35,2,0,0,0,0,0,0,0,1,0,0,0,0,0,0,0,0,1,0,0,0,0,0,1,3,114,76,95,Jeff Bridges,Sergey Bodrov,114,1
100,2.35,2,0,0,0,0,0,0,0,1,0,0,0,1,0,0,0,0,1,0,0,0,0,0,1,3,135,215,115,Angelina Jolie,Simon West,274,1
92,1.85,2,0,0,0,0,0,0,0,0,0,0,0,1,0,0,0,0,1,0,0,0,1,0,1,3,261,386,93,Sam Neill,Joe Johnston,368,2
105,2.35,2,0,0,0,0,0,0,0,0,0,0,0,1,0,0,0,0,0,1,0,0,1,0,1,7,361,264,93,James Franco,Rupert Wyatt,482,3
107,2.35,1,0,0,0,0,0,0,0,1,0,0,0,0,0,0,1,0,1,0,0,0,0,0,0,1,117,76,90,Freddie Highmore,Mark Waters,162,1
101,1.85,3,0,0,0,0,0,0,0,0,0,0,0,1,0,0,0,0,0,0,0,0,0,0,1,9,189,204,92,Bruce Willis,John Moore,304,2
137,2.35,2,0,0,0,0,0,0,0,0,0,0,1,0,1,0,0,0,0,1,1,0,0,0,0,3,130,145,107,Dennis Quaid,John Lee Hancock,25,1
115,2.35,1,0,0,0,0,0,0,0,0,0,0,0,0,0,1,1,0,1,0,0,0,0,0,1,10,464,488,92,Craig T. Nelson,Brad Bird,631,4
124,2.35,2,0,0,0,0,0,0,0,0,0,1,0,0,0,0,0,0,1,0,0,0,0,0,1,2,79,57,98,Geena Davis,Renny Harlin,10,1
98,1.85,2,0,0,0,0,0,0,0,0,0,1,0,0,0,0,1,1,1,0,0,0,1,0,0,5,463,330,90,Tommy Lee Jones,Barry Sonnenfeld,589,4
82,1.85,0,0,0,0,0,0,0,0,1,0,1,0,0,0,1,1,0,1,0,0,0,0,0,0,6,414,414,90,Tom Hanks,John Lasseter,497,3
98,2.35,2,0,0,0,0,0,0,0,0,0,0,0,1,0,0,0,0,0,0,0,0,0,0,1,3,170,119,100,Denzel Washington,Tony Scott,167,1
90,2.35,2,0,0,0,1,0,0,0,0,0,1,0,1,0,0,0,0,0,0,0,0,0,0,1,7,201,251,90,Chris Tucker,Brett Ratner,347,2
130,2.35,2,0,0,0,0,0,0,0,1,1,0,0,1,0,0,0,1,0,1,0,0,0,0,0,9,276,226,100,Harrison Ford,Robert Zemeckis,155,1
90,2.35,1,0,0,0,0,0,0,0,0,0,1,0,0,0,1,1,0,0,0,0,0,1,0,0,1,211,245,100,Bill Hader,Phil Lord,242,1
94,1.85,1,0,0,0,0,0,0,0,0,0,1,0,0,0,1,1,0,1,0,0,0,0,0,1,1,314,338,90,Ray Romano,Carlos Saldanha,86,1
114,2.35,1,0,1,0,0,0,0,0,1,0,1,0,0,0,0,0,0,1,1,0,0,0,0,0,1,133,258,90,Ben Stiller,Ben Stiller,188,1
94,2.35,2,0,0,0,1,0,0,0,0,0,1,0,1,0,0,0,0,1,0,0,0,0,0,1,3,19,173,92,Cameron Diaz,McG,264,1
151,2.35,3,0,0,0,1,0,0,0,0,0,0,0,1,0,0,0,0,0,1,0,0,0,0,0,1,100,253,90,Leonardo DiCaprio,Martin Scorsese,289,1
88,1.66,0,1,0,0,0,0,0,0,1,0,0,0,0,1,1,1,0,1,0,0,0,0,0,0,8,354,168,90,Eddie Murphy,Tony Bancroft,304,2
121,2.35,3,0,0,0,0,0,0,0,0,0,1,0,0,0,0,0,0,0,0,0,0,0,0,1,2,133,258,92,Ben Stiller,Ben Stiller,188,1
158,2.35,3,0,0,0,1,0,0,0,0,0,0,0,1,0,0,0,1,0,1,0,0,0,0,0,9,219,135,90,Daniel Craig,David Fincher,232,1
128,1.85,2,0,0,0,1,0,0,0,0,0,0,0,1,0,0,0,1,1,0,0,0,0,0,1,4,414,438,90,Robert Downey Jr.,Guy Ritchie,524,3
141,2.35,2,0,0,0,0,0,0,0,0,0,0,0,0,0,0,0,0,1,1,1,0,0,0,0,1,154,94,92,Jack Huston,Timur Bekmambetov,94,1
141,2.35,2,0,0,0,0,0,0,0,0,0,0,0,0,0,0,0,0,1,1,1,0,0,0,0,3,154,94,100,Jack Huston,Timur Bekmambetov,94,1
95,2.35,1,0,0,0,0,0,0,0,1,0,0,0,0,0,1,1,0,1,0,0,0,1,0,1,9,143,218,120,Michael J. Fox,Gary Trousdale,186,1
92,1.85,1,0,0,0,0,0,0,0,1,0,1,0,0,0,1,1,0,1,0,0,0,0,0,0,9,193,159,90,Jason Lee,Walt Becker,233,1
121,1.85,2,0,0,0,0,0,0,0,0,0,0,0,1,1,0,0,0,0,1,1,0,0,0,0,9,314,336,75,Tom Cruise,Bryan Singer,200,1
113,1.85,2,0,0,0,0,0,0,0,0,0,1,0,0,0,0,0,0,0,0,0,0,0,0,1,1,153,167,90,Adam Sandler,Dennis Dugan,201,1
106,2.35,2,0,0,0,0,0,0,0,0,0,1,0,0,0,1,0,0,0,0,0,0,1,0,1,3,235,167,88,Adam Sandler,Chris Columbus,243,1
146,1.85,2,0,0,0,0,0,0,0,0,0,0,0,0,0,0,0,0,1,1,0,0,1,0,0,1,314,117,100,Haley Joel Osment,Steven Spielberg,235,1
88,2.35,1,0,0,0,0,0,0,0,1,1,1,0,0,0,0,1,1,0,0,0,0,0,0,0,1,188,118,90,Eddie Murphy,Rob Minkoff,182,1
150,2.35,1,0,0,0,0,0,0,0,0,0,0,0,1,0,0,0,1,0,1,0,0,1,0,0,3,276,144,90,Jodie Foster,Robert Zemeckis,171,1
119,1.85,3,0,0,0,0,0,0,0,0,1,0,0,1,0,0,0,0,0,0,0,0,1,0,1,3,190,71,95,Kevin Bacon,Paul Verhoeven,190,1
106,2.35,1,0,0,0,0,0,0,0,1,0,0,0,0,0,0,1,0,1,0,0,0,0,0,0,9,107,69,90,Logan Lerman,Thor Freudenthal,174,1
117,2.35,2,0,0,0,0,0,0,0,1,0,0,0,0,0,0,0,0,1,0,0,0,0,0,1,9,251,215,95,Angelina Jolie,Jan de Bont,156,1
129,2.35,2,0,0,0,1,0,0,0,0,0,1,0,1,0,0,0,1,1,0,0,0,0,0,1,8,273,272,90,Jesse Eisenberg,Jon M. Chu,334,2
116,2.35,2,0,1,0,0,0,0,0,0,0,0,0,1,0,0,0,0,1,0,0,0,1,0,1,9,191,92,68,Val Kilmer,Phillip Noyce,118,1
114,2.35,1,0,0,0,0,0,0,0,0,0,0,0,1,0,0,0,0,1,0,0,0,1,0,0,9,855,304,90,Gary Sinise,Brian De Palma,60,1
96,2.35,0,1,0,0,0,0,0,0,0,0,1,0,0,0,1,1,0,1,0,0,0,0,0,0,4,414,322,90,Jesse Eisenberg,Carlos Saldanha,484,3
132,1.85,1,0,0,0,0,0,0,0,0,0,1,0,0,0,0,0,0,0,1,0,0,1,0,0,3,235,159,100,Robin Williams,Chris Columbus,93,1
104,1.85,2,0,0,0,0,0,0,0,0,0,0,0,1,0,0,0,0,0,1,0,0,1,0,1,3,205,180,90,Tommy Lee Jones,Mick Jackson,80,1
111,2.35,3,0,0,0,1,0,0,0,0,0,0,0,1,0,0,0,0,0,1,0,0,0,0,1,9,168,226,86,Harrison Ford,Alan J. Pakula,140,1
129,2.35,3,0,0,0,0,0,0,0,1,0,0,0,0,0,0,0,0,1,0,0,0,0,0,0,9,89,228,20,Arnold Schwarzenegger,John Milius,79,2
144,2.35,2,0,0,1,0,0,0,0,0,0,0,0,0,0,0,0,0,0,1,0,1,0,0,0,1,232,184,88,Russell Crowe,Ron Howard,108,1
140,2.35,2,0,0,1,0,0,0,0,0,0,0,0,0,0,0,0,0,0,1,1,0,0,0,0,1,288,76,87,Jeff Bridges,Gary Ross,148,1
113,2.35,2,0,0,0,0,0,0,0,0,0,0,0,1,0,0,0,0,1,1,0,0,0,0,1,5,401,488,92,Helen Hunt,Jan de Bont,494,4
143,1.85,2,0,1,0,0,0,0,0,0,0,0,0,0,0,0,0,0,1,1,0,0,0,0,0,9,326,363,90,Tom Hanks,Robert Zemeckis,429,2
108,2.35,1,0,1,0,0,0,0,0,0,0,1,0,0,0,1,1,0,0,0,0,0,0,0,0,3,364,388,100,Elijah Wood,George Miller,384,2
108,2.35,2,0,0,0,0,0,0,0,0,0,0,0,1,0,0,0,1,0,0,0,0,0,0,1,9,275,192,75,Matt Damon,Paul Greengrass,288,2
124,2.35,3,0,0,0,0,0,0,0,0,0,0,0,1,0,0,0,0,1,1,0,0,0,0,1,8,351,276,85,Harrison Ford,Wolfgang Petersen,315,2
116,2.35,2,0,0,0,1,0,0,0,0,0,0,0,1,0,0,0,0,0,0,0,0,0,0,0,6,248,244,85,George Clooney,Steven Soderbergh,450,3
91,1.85,1,0,0,0,0,0,0,0,1,0,1,0,0,0,1,1,0,0,0,0,0,0,0,0,7,364,217,85,Adam Sandler,Genndy Tartakovsky,358,2
107,2.35,1,1,1,0,0,0,0,0,1,0,1,0,0,0,1,1,0,0,0,0,0,0,0,0,9,312,166,85,Amy Adams,Kevin Lima,340,2
115,2.35,3,0,0,0,1,0,0,0,0,0,0,0,1,0,0,0,1,0,0,0,0,0,0,1,2,208,119,85,Denzel Washington,Daniel Espinosa,208,1
100,1.85,0,0,0,0,0,0,0,0,0,0,1,0,0,0,0,1,0,1,0,0,0,0,0,0,3,262,109,85,Glenn Close,Kevin Lima,183,1
104,2.35,2,0,0,0,1,0,0,0,0,0,1,0,0,0,0,0,0,0,0,0,0,0,0,1,2,151,258,75,Ben Stiller,Brett Ratner,152,1
138,1.85,2,0,1,0,0,0,0,0,0,0,1,0,0,0,0,0,0,0,0,0,0,0,0,0,3,249,173,85,Cameron Diaz,Nancy Meyers,194,1
140,2.35,3,0,0,0,1,0,0,0,0,0,0,0,1,0,0,0,1,0,1,0,0,0,0,1,3,220,388,90,Will Smith,Tony Scott,250,2
120,1.85,3,0,1,0,0,0,0,0,0,0,1,0,0,0,0,0,0,0,1,0,0,0,0,0,1,249,156,85,Meryl Streep,Nancy Meyers,219,1
122,2.35,2,0,0,0,1,0,0,0,0,0,0,0,1,0,0,0,0,0,0,0,0,0,0,0,7,64,194,85,George Clooney,Steven Soderbergh,311,2
83,1.85,1,0,0,0,0,0,0,0,0,0,1,0,0,0,1,1,0,1,0,0,0,0,0,0,2,197,100,85,Martin Lawrence,Roger Allers,197,1
139,2.35,2,0,0,0,0,0,0,0,0,0,0,0,0,0,0,0,1,1,0,0,0,1,0,0,9,143,317,85,Shailene Woodley,Neil Burger,288,2
131,2.35,3,0,0,0,0,0,0,0,0,0,0,0,0,1,0,0,0,0,1,1,0,0,0,0,9,114,81,68,Jude Law,Jean-Jacques Annaud,96,1
104,2.35,2,0,0,0,0,0,0,0,0,0,1,0,1,0,0,0,0,1,0,0,0,0,0,1,9,208,178,85,Dwayne Johnson,Peter Berg,80,1
130,2.35,2,0,0,0,0,0,0,0,1,0,1,0,0,0,0,0,0,1,0,0,0,0,0,1,9,95,178,70,Arnold Schwarzenegger,John McTiernan,137,1
145,2.35,2,0,1,0,0,0,0,0,0,0,0,0,0,0,0,0,0,0,1,0,0,0,0,0,9,314,162,85,Zhang Ziyi,Rob Marshall,162,1
104,2.35,2,0,0,0,1,0,0,0,0,0,0,0,1,0,0,0,0,0,0,0,0,0,0,1,9,282,158,85,Lucas Black,Justin Lin,158,1
178,1.85,2,0,1,0,0,0,0,0,1,0,0,0,0,0,0,0,0,0,1,0,0,0,0,0,3,126,193,90,Brad Pitt,Martin Brest,142,1
108,1.85,3,0,0,0,0,0,0,0,0,0,0,0,1,0,0,0,0,0,1,0,0,0,0,1,2,126,178,85,Arnold Schwarzenegger,Andrew Davis,78,1
123,1.85,3,1,0,0,0,0,0,0,0,0,1,0,0,0,0,0,0,0,1,0,0,0,0,0,9,28,177,70,Roy Scheider,Bob Fosse,37,1
106,1.85,1,0,0,0,0,0,0,0,1,0,1,0,0,0,0,1,0,1,1,0,0,0,0,0,2,136,159,85,Julia Roberts,Tarsem Singh,183,1
112,1.85,2,0,1,0,0,0,0,0,1,0,1,0,0,0,0,0,0,0,0,0,0,0,0,1,2,47,268,60,Michael Cera,Edgar Wright,47,1
135,2.35,2,0,0,0,0,0,0,0,0,0,0,0,1,0,0,0,0,1,0,0,0,1,0,1,9,75,45,60,Aaron Eckhart,Jon Amiel,74,1
109,1.85,2,0,1,0,0,0,0,0,0,0,1,0,0,0,0,0,0,0,0,0,0,1,0,0,9,130,118,65,Eddie Murphy,Peter Segal,123,1
86,1.85,1,0,0,0,0,0,0,0,0,0,1,0,0,0,0,0,1,1,0,0,0,0,0,0,7,331,125,84,Freddie Prinze Jr.,Raja Gosnell,275,2
107,1.85,2,0,1,0,0,0,0,0,1,0,1,0,0,0,0,0,0,0,1,0,0,0,0,0,7,173,217,70,Adam Sandler,Frank Coraci,237,2
130,1.85,3,0,0,0,0,0,0,0,1,1,1,0,0,0,0,0,0,0,0,0,0,0,0,0,1,22,210,80,Hal Holbrook,George A. Romero,21,1
88,2.35,2,0,0,0,0,0,0,0,0,0,0,0,1,0,0,0,0,1,0,0,0,1,0,1,9,241,129,85,Hayden Christensen,Doug Liman,222,2
120,1.85,2,0,0,0,0,0,0,0,1,1,0,0,0,0,0,0,0,1,0,0,0,1,0,1,1,205,129,85,Ron Perlman,Guillermo del Toro,160,1
162,2.35,3,0,0,0,1,0,0,0,0,0,0,0,1,0,0,0,1,0,1,1,0,0,0,0,9,219,71,65,Jake Gyllenhaal,David Fincher,84,1
123,2.35,2,0,0,0,0,0,0,0,0,0,0,0,1,0,0,0,1,0,0,0,0,1,0,1,9,48,178,82,Arnold Schwarzenegger,Roger Spottiswoode,96,1
101,1.85,2,0,0,0,0,0,0,0,0,0,1,0,0,0,0,0,0,0,1,0,0,0,0,0,2,189,187,81,Jim Carrey,Tom Shadyac,84,1
113,2.35,3,0,0,0,0,0,0,0,0,0,0,0,1,0,0,0,0,1,0,0,0,0,0,1,7,265,197,80,Sylvester Stallone,Sylvester Stallone,274,2
110,2.35,2,0,0,0,0,0,0,0,0,0,0,0,1,0,0,0,0,1,0,0,0,0,0,1,5,235,486,80,Tom Cruise,Brian De Palma,457,4
142,2.35,2,0,0,0,0,0,0,0,0,0,0,0,1,0,0,0,0,1,1,0,0,1,0,0,10,438,488,78,Jennifer Lawrence,Gary Ross,691,4
102,2.35,3,0,0,0,0,0,0,0,0,0,1,0,0,0,0,0,0,0,0,0,0,0,0,0,8,238,242,80,Bradley Cooper,Todd Phillips,254,2
126,1.85,2,0,0,0,0,0,0,0,0,0,0,0,0,0,0,0,0,0,0,0,0,0,0,1,7,288,190,80,Michael Keaton,Tim Burton,280,2
83,1.85,1,0,0,0,0,0,0,0,0,0,1,0,0,0,1,1,0,1,0,0,0,0,0,0,9,221,204,80,Bruce Willis,Tim Johnson,343,2
85,1.66,1,0,0,0,0,0,0,0,1,0,1,0,0,0,1,1,0,1,1,0,0,1,0,0,1,314,145,80,Chris Sanders,Dean DeBlois,145,1
97,1.85,0,0,0,0,0,0,0,0,1,0,1,0,0,0,0,1,0,0,0,0,0,0,0,0,9,88,159,70,Julia Roberts,Gary Winick,144,1
120,2.35,2,0,1,0,0,0,0,0,0,0,0,0,1,0,0,0,0,0,1,0,0,1,0,1,1,65,56,75,Robert Duvall,Mimi Leder,140,1
116,2.35,2,0,0,0,1,0,0,0,0,0,1,0,1,0,0,0,0,0,0,0,0,0,0,1,9,75,154,84,Bruce Willis,Dean Parisot,90,1
113,2.35,2,0,0,1,1,0,0,0,0,0,1,0,0,0,0,0,0,0,0,0,0,0,0,0,3,130,167,82,Adam Sandler,Peter Segal,190,1
87,1.85,0,0,0,0,0,0,0,0,1,0,1,0,0,0,1,1,0,1,0,0,0,0,0,0,7,361,209,75,Jason Lee,Mike Mitchell,342,2
101,1.85,2,0,0,0,0,0,0,0,0,0,1,0,0,0,0,0,0,0,0,0,0,0,0,0,3,153,167,80,Adam Sandler,Dennis Dugan,246,1
110,1.85,2,0,0,0,0,0,0,0,0,0,1,0,0,0,0,0,0,1,0,0,0,0,0,1,2,130,253,80,Steve Carell,Peter Segal,230,1
128,1.85,2,0,1,0,0,0,0,0,0,0,1,0,0,0,0,0,0,0,1,0,0,0,0,0,8,299,169,80,Jack Nicholson,Nancy Meyers,266,2
138,2.35,3,0,0,0,0,0,0,0,0,0,0,0,1,0,0,0,1,0,0,0,0,0,0,0,9,150,303,80,Leonardo DiCaprio,Martin Scorsese,294,2
91,1.85,1,0,0,0,0,0,0,0,0,0,1,0,0,0,1,1,0,1,0,0,0,1,0,0,9,354,209,75,Robin Williams,Chris Wedge,260,2
138,2.35,3,0,0,0,1,0,0,0,0,0,0,0,1,0,0,0,0,0,0,0,0,1,0,1,9,223,118,80,John Travolta,John Woo,245,1
99,2.35,1,0,1,0,0,0,0,0,1,0,1,0,0,0,0,1,0,0,0,0,0,0,0,0,3,110,167,80,Adam Sandler,Adam Shankman,212,1
117,2.35,3,0,0,0,1,0,0,0,0,0,0,0,1,0,0,0,0,0,1,0,0,0,0,0,9,156,313,80,Tom Hanks,Sam Mendes,181,1
117,1.85,2,0,1,0,0,0,0,0,0,0,1,0,0,0,0,0,0,0,0,0,0,0,0,0,1,153,167,80,Adam Sandler,Dennis Dugan,214,1
123,2.35,3,0,0,0,1,0,0,0,0,0,0,0,1,0,0,0,0,0,0,0,0,0,0,1,2,135,122,75,Nicolas Cage,Simon West,224,1
118,2.35,2,0,0,0,0,0,0,0,0,0,0,0,1,0,0,0,1,0,0,0,0,0,0,1,1,146,338,80,Shia LaBeouf,D.J. Caruso,178,1
154,2.35,3,0,1,0,0,0,0,0,0,0,0,0,0,1,0,0,0,1,1,1,0,0,0,0,9,177,81,79,Jude Law,Anthony Minghella,173,1
118,2.35,3,0,0,0,0,0,0,0,0,0,0,0,1,0,0,0,0,1,1,0,0,0,0,1,1,865,119,80,Denzel Washington,Albert Hughes,157,1
90,1.85,1,0,0,0,0,0,0,0,0,0,1,0,0,0,0,1,0,0,0,0,0,1,0,0,3,79,159,80,Robin Williams,Les Mayfield,177,1
113,2.35,2,0,0,0,0,0,0,0,1,1,0,0,1,0,0,0,1,0,0,0,0,0,0,0,3,251,213,80,Liam Neeson,Jan de Bont,91,1
88,1.77,1,0,0,1,0,0,0,0,1,0,1,0,0,0,1,1,0,1,0,0,0,1,0,0,1,250,135,80,Michael Jordan,Joe Pytka,250,1
93,1.85,1,0,0,0,1,0,0,0,0,0,1,0,0,0,0,1,1,1,0,0,0,0,0,0,1,201,56,65,Steve Martin,Shawn Levy,70,1
104,2.35,2,0,0,0,0,0,0,0,0,0,0,0,1,0,0,0,0,0,1,0,0,1,0,0,3,113,165,80,Keanu Reeves,Scott Derrickson,233,1
135,2.35,3,0,1,0,1,0,0,0,0,0,0,0,1,0,0,0,1,0,0,0,0,0,0,1,1,143,240,75,Mel Gibson,Richard Donner,136,1
134,2.35,3,0,0,0,0,0,0,0,0,0,0,0,0,1,0,0,0,0,1,0,0,0,0,1,9,182,193,68,Brad Pitt,David Ayer,211,1
98,2.35,2,0,1,0,0,0,0,0,0,0,1,0,0,0,0,0,0,1,0,0,0,0,0,1,2,113,226,70,Harrison Ford,Ivan Reitman,164,1
80,1.85,1,0,0,0,0,0,0,0,0,0,1,0,0,0,1,1,0,1,0,0,0,0,0,0,3,151,8,80,Dan Aykroyd,Eric Brevig,201,1
83,2.35,0,0,0,0,0,0,0,0,0,0,0,1,0,0,1,1,0,1,0,0,0,0,0,0,2,122,142,80,Matt Damon,Kelly Asbury,122,1
102,2.35,1,0,1,0,0,0,0,0,0,0,1,0,0,0,0,1,0,0,0,0,0,0,0,0,9,123,131,80,Kevin James,Frank Coraci,169,1
130,2.35,2,0,0,0,0,0,0,0,0,0,0,0,1,0,0,1,0,1,0,0,0,1,0,1,3,70,153,80,Gary Oldman,Stephen Hopkins,136,1
129,1.85,3,0,0,0,0,0,0,0,0,0,0,0,1,0,0,0,1,0,1,0,0,1,0,0,3,115,119,80,Denzel Washington,Jonathan Demme,96,1
89,1.85,1,0,0,0,0,0,0,0,1,0,1,0,0,0,1,1,0,0,0,0,0,0,0,0,6,414,267,80,Adam Sandler,Genndy Tartakovsky,473,3
74,1.78,0,0,0,0,0,0,0,0,1,0,0,0,0,0,1,1,0,0,0,0,0,0,0,0,3,90,56,80,Steve Martin,James Algar,90,1
96,2.35,2,0,0,0,0,0,0,0,0,0,0,0,0,0,0,0,0,1,0,0,0,1,0,1,1,127,81,80,Guy Pearce,Simon Wells,123,1
114,1.85,1,0,0,0,0,0,0,0,1,0,0,0,1,0,0,1,0,1,0,0,0,0,0,1,1,18,32,90,Charlize Theron,Ron Underwood,80,1
99,2.35,3,0,0,0,1,0,0,0,0,0,0,0,1,0,0,0,0,0,0,0,0,0,0,1,2,132,118,80,John Travolta,Dominic Sena,147,1
129,2.35,1,0,0,0,0,0,0,0,0,0,0,1,0,0,0,0,0,1,0,0,0,0,0,1,1,165,139,75,Antonio Banderas,Martin Campbell,142,1
113,2.35,2,0,1,0,0,0,0,0,1,0,0,0,0,0,0,0,0,0,1,0,0,0,0,0,3,71,159,85,Robin Williams,Vincent Ward,71,1
90,1.85,2,0,0,0,0,0,0,0,1,0,1,0,0,0,0,0,0,0,0,0,0,0,0,0,1,60,167,80,Adam Sandler,Steven Brill,92,1
118,1.85,2,0,0,0,0,0,0,0,1,0,1,0,1,0,0,0,0,1,0,0,0,0,0,1,2,52,93,88,Heath Ledger,Terry Gilliam,105,1
106,2.35,2,0,0,0,0,0,0,0,0,0,1,0,0,0,0,0,0,0,0,0,0,1,0,1,9,238,119,70,Jack Nicholson,Tim Burton,101,1
117,2.35,3,0,0,0,0,0,0,0,0,0,0,0,1,0,0,0,0,1,1,0,0,0,0,1,9,73,58,60,Alec Baldwin,Lee Tamahori,43,1
89,2.35,2,0,0,0,0,0,0,0,0,0,0,0,1,0,0,0,0,0,0,0,0,1,0,1,9,202,154,80,Bruce Willis,Jonathan Mostow,122,1
145,1.85,2,0,0,0,0,0,0,0,0,0,0,0,1,0,0,0,0,0,1,1,0,0,0,0,2,89,99,80,Kevin Costner,Roger Donaldson,34,1
114,1.85,2,0,0,0,0,0,0,0,0,0,0,0,1,0,0,0,0,1,1,0,0,0,0,1,9,150,147,80,Sylvester Stallone,Rob Cohen,159,1
119,2.35,2,0,0,0,0,0,0,0,0,0,0,0,0,0,0,0,0,1,0,0,0,1,0,1,2,21,118,44,John Travolta,Roger Christian,21,1
118,2.35,2,1,1,0,0,0,0,0,0,0,0,0,0,0,0,0,0,0,1,0,0,0,0,0,1,314,53,80,Judi Dench,Rob Marshall,53,1
116,2.35,2,0,0,0,0,0,0,0,0,0,0,0,0,0,0,0,0,1,0,0,0,1,0,1,1,143,90,80,Paul Walker,Richard Donner,19,1
177,2.35,3,0,0,0,0,0,0,0,0,0,0,0,0,0,0,0,0,1,1,0,0,1,0,1,1,170,99,80,Kevin Costner,Kevin Costner,17,1
106,2.35,2,0,0,0,0,0,0,0,1,0,0,0,0,0,0,0,0,1,0,0,0,0,0,1,9,100,338,90,Vin Diesel,Breck Eisner,146,1
106,2.35,2,0,0,0,0,0,0,0,0,0,0,0,1,0,0,0,0,0,0,0,0,1,0,1,1,33,92,70,Val Kilmer,Antony Hoffman,33,1
135,1.85,2,0,0,0,0,0,0,0,0,0,0,0,0,0,0,0,0,0,1,0,1,0,0,0,4,332,284,58,Russell Crowe,Ron Howard,313,3
73,1.66,0,1,0,0,0,0,0,0,0,0,0,0,0,0,1,1,0,1,1,0,0,0,0,0,5,514,538,45,Jonathan Taylor Thomas,Roger Allers,788,5
94,1.85,1,0,0,0,0,0,0,0,1,0,1,0,0,0,0,1,0,1,0,0,0,1,0,1,6,414,278,79,Dwayne Johnson,Brad Peyton,355,3
95,2.35,1,0,0,0,0,0,0,0,1,0,1,0,0,0,1,1,0,0,0,0,0,1,0,0,9,298,295,78,Bill Hader,Cody Cameron,248,2
136,2.35,2,0,0,0,0,0,0,0,0,0,0,1,0,0,0,0,0,1,0,0,0,0,0,1,9,211,54,100,Viggo Mortensen,Joe Johnston,108,1
91,1.85,1,0,0,0,0,0,0,0,0,0,1,0,0,0,0,0,0,0,0,0,0,0,0,0,2,153,167,79,Adam Sandler,Dennis Dugan,149,1
107,2.35,2,0,0,0,1,0,0,0,0,0,0,0,1,0,0,0,0,0,0,0,0,0,0,1,3,137,140,76,Paul Walker,John Singleton,236,2
99,1.85,2,0,0,0,0,0,0,0,0,0,0,0,1,0,0,0,0,0,0,0,0,1,0,0,3,15,40,80,Nicole Kidman,Oliver Hirschbiegel,15,1
92,1.85,1,0,0,0,0,0,0,0,1,0,1,0,0,0,1,1,0,1,0,0,0,0,0,0,9,35,35,76,Rene Russo,Des McAnuff,35,1
110,2.35,2,0,0,0,0,0,0,0,1,0,0,0,0,0,0,0,0,1,0,0,0,1,0,1,3,155,104,78,Sean Connery,Stephen Norrington,179,1
98,1.85,1,0,0,0,0,0,0,0,0,0,1,0,0,0,1,1,0,0,0,0,0,1,0,0,11,514,453,76,Steve Carell,Pierre Coffin,970,5
154,2.35,2,0,0,0,0,0,0,0,0,0,0,0,0,0,0,0,0,1,0,0,0,1,0,1,11,514,538,75,Will Smith,Roland Emmerich,816,5
129,1.85,2,0,0,0,0,0,0,0,0,0,0,0,0,0,0,0,0,1,0,0,0,1,0,1,7,364,211,73,Jeff Goldblum,Steven Spielberg,229,2
86,1.85,1,0,0,0,0,0,0,0,0,0,1,0,0,0,1,1,0,1,0,0,0,0,0,0,7,414,358,75,Ben Stiller,Eric Darnell,532,3
109,1.85,3,0,0,0,0,0,0,0,0,0,0,0,1,0,0,0,0,0,1,0,0,1,0,0,3,69,49,76,Clive Owen,Alfonso Cuarón,69,1
104,2.35,2,0,0,0,0,0,0,0,0,0,0,0,0,0,0,0,0,1,0,0,0,1,0,1,3,364,175,75,Patrick Stewart,Bryan Singer,296,2
110,2.35,3,0,0,0,1,0,0,0,1,0,0,0,1,0,0,0,0,0,0,0,0,0,0,1,7,204,265,75,Angelina Jolie,Timur Bekmambetov,258,2
136,2.35,3,0,0,0,0,0,0,0,0,0,0,0,1,0,0,0,0,1,0,0,0,0,0,1,7,414,204,75,Sean Connery,Michael Bay,335,3
115,1.85,1,0,0,0,0,0,0,0,1,0,1,0,0,0,1,1,0,1,0,0,0,0,0,1,6,464,488,80,Ray Romano,Carlos Saldanha,660,4
99,2.35,2,0,1,0,0,0,0,0,0,0,1,0,0,0,0,0,0,0,0,0,0,0,0,0,2,130,167,75,Adam Sandler,Peter Segal,196,1
117,2.35,1,1,1,0,0,0,0,0,0,0,1,0,0,0,0,1,0,0,1,0,0,0,0,0,3,110,118,75,John Travolta,Adam Shankman,90,1
125,2,3,0,0,0,0,0,0,0,0,1,0,0,1,0,0,0,1,0,0,0,0,0,0,0,1,79,78,50,Stellan Skarsgård,Renny Harlin,78,1
110,1.85,1,0,0,0,0,0,0,0,0,0,1,0,0,0,0,1,0,1,0,0,0,1,0,1,2,60,23,75,Matthew Broderick,David Kellogg,70,1
125,2.35,2,0,0,0,1,0,0,0,0,0,0,0,1,0,0,0,1,0,0,0,0,0,0,0,3,171,222,75,Jesse Eisenberg,Louis Leterrier,117,1
102,1.85,2,0,0,0,0,0,0,0,0,0,1,0,0,0,0,0,0,0,0,0,0,0,0,0,9,203,217,80,Adam Sandler,Dennis Dugan,271,2
128,1.85,2,0,0,0,0,0,0,0,0,0,1,0,0,0,0,0,0,0,1,0,0,0,0,0,9,364,363,60,Tom Hanks,Steven Spielberg,219,2
100,1.85,1,0,0,0,0,0,0,0,0,0,1,0,0,0,0,1,0,0,0,0,0,0,0,0,9,107,44,35,Emma Roberts,Thor Freudenthal,73,1
124,1.85,2,0,0,0,0,0,0,0,0,0,0,0,1,0,0,0,0,1,1,0,0,0,0,1,3,165,215,75,Chris O'Donnell,Martin Campbell,215,1
102,1.85,3,0,0,0,0,0,0,0,0,0,1,0,0,0,0,0,0,0,1,1,1,0,0,0,2,51,313,75,Tom Hanks,Mike Nichols,119,1
90,1.85,1,0,0,0,0,0,0,0,0,0,1,0,0,0,1,1,0,1,0,0,0,0,0,0,7,286,438,75,Will Smith,Bibo Bergeron,367,3
130,2.35,2,1,0,0,0,0,0,0,0,0,0,0,0,0,0,0,0,0,1,0,0,0,0,0,3,199,131,70,Jamie Foxx,Bill Condon,154,1
118,2.4,2,0,0,0,1,0,0,0,0,0,1,0,0,0,0,0,0,0,0,0,0,0,0,0,1,101,118,53,John Travolta,F. Gary Gray,95,1
142,2.35,3,0,0,0,0,0,0,0,0,0,0,0,1,1,0,0,0,0,1,0,0,0,0,1,2,97,154,70,Bruce Willis,Antoine Fuqua,85,1
100,2.35,2,0,1,0,0,0,0,0,0,0,1,0,1,0,0,0,0,0,0,0,0,0,0,1,3,106,125,75,Katherine Heigl,Robert Luketic,98,1
116,2.35,2,0,0,0,0,0,0,0,0,0,1,0,0,0,0,0,0,1,0,0,0,0,0,1,3,314,262,75,Henry Cavill,Guy Ritchie,108,1
131,1.85,2,0,1,0,0,0,0,0,0,0,1,0,0,0,0,0,0,0,1,0,0,0,0,0,2,13,167,80,Adam Sandler,James L. Brooks,55,1
91,2.35,1,0,0,0,0,0,0,0,1,0,1,0,0,0,1,1,1,0,0,0,0,0,0,0,1,79,140,75,Ryan Newman,Gil Kenan,140,1
123,2.35,2,0,1,0,1,0,0,0,0,0,1,0,0,0,0,0,0,0,1,0,0,0,0,0,3,85,154,80,Bruce Willis,Barry Levinson,67,1
134,1.85,2,0,1,0,0,0,0,0,0,0,0,0,1,0,0,0,0,1,0,0,0,0,0,1,2,238,104,55,Sean Connery,Jerry Zucker,127,1
148,2.35,2,0,1,0,0,0,0,0,0,0,0,0,0,0,0,0,0,0,1,1,0,0,0,0,9,143,144,75,Jodie Foster,Andy Tennant,90,1
110,1.85,3,0,1,0,0,0,0,0,1,0,0,0,0,0,0,0,0,0,1,0,0,0,0,1,9,186,129,75,Mickey Rourke,Tarsem Singh,226,2
113,2.35,3,0,0,0,1,0,0,0,0,0,0,0,1,0,0,0,1,0,1,0,0,0,0,1,9,77,154,52,Bruce Willis,Florent-Emilio Siri,77,1
94,2.35,1,0,0,0,0,0,0,0,0,0,0,0,0,0,1,1,0,1,0,0,0,1,0,1,2,88,142,75,Matt Damon,Don Bluth,36,1
116,2.35,2,0,0,0,1,0,0,0,0,0,1,0,1,0,0,0,0,0,0,0,0,0,0,1,2,30,226,75,Harrison Ford,Ron Shelton,51,1
84,2.35,2,0,0,0,0,0,0,0,0,1,0,0,1,0,0,0,0,0,1,0,0,1,0,0,2,58,38,80,Lou Taylor Pucci,David Pastor,5,1
93,1.85,2,0,0,0,0,0,0,0,1,0,1,0,0,0,1,0,0,0,0,0,0,0,0,0,2,65,121,75,Brendan Fraser,Henry Selick,5,1
113,2.35,2,0,0,0,0,0,0,0,0,0,0,0,1,0,0,0,0,1,1,0,0,0,0,1,1,139,145,45,Dennis Quaid,John Moore,21,1
106,2.35,2,0,0,0,0,0,0,0,0,0,0,0,1,0,0,0,1,0,1,0,0,1,0,0,8,322,204,75,Bruce Willis,M. Night Shyamalan,248,2
91,1.85,1,0,0,0,0,0,0,0,0,0,1,0,0,0,1,1,0,0,0,0,0,1,0,1,11,514,353,74,Sandra Bullock,Kyle Balda,1156,5
128,2.35,2,0,0,0,0,0,0,0,1,0,0,0,0,0,0,0,0,0,0,0,0,0,0,1,3,314,44,82,Emily Browning,Zack Snyder,89,1
98,2.35,3,0,0,0,1,0,0,0,0,0,0,0,1,0,0,0,1,0,0,0,0,0,0,0,2,85,122,69,Nicolas Cage,Brian De Palma,103,1
134,2.35,2,0,0,0,0,0,0,0,0,0,0,0,1,0,0,0,1,0,1,0,0,1,0,0,1,85,150,75,Dustin Hoffman,Barry Levinson,13,1
97,1.85,1,0,0,0,0,0,0,0,0,0,1,0,0,0,1,1,0,0,0,0,0,0,0,1,7,364,359,73,Jason Sudeikis,Clay Kaytis,349,2
112,2.35,2,0,1,0,0,0,0,0,0,0,1,0,1,0,0,0,0,1,0,0,0,0,0,1,2,143,109,70,Matthew McConaughey,Andy Tennant,111,1
153,1.85,3,0,0,0,0,0,0,0,0,0,1,0,0,0,0,0,0,0,1,0,0,0,0,0,9,122,167,75,Adam Sandler,Judd Apatow,61,1
110,2.35,3,0,0,0,0,0,0,0,0,0,0,0,1,0,0,0,0,0,1,0,0,0,0,1,1,208,131,70,Jamie Foxx,Peter Berg,86,1
122,2.35,2,0,0,1,0,0,0,0,0,0,1,0,0,0,0,0,0,0,0,0,0,0,0,1,9,143,117,73,Will Ferrell,Adam McKay,162,1
87,2.35,1,0,0,0,0,0,0,0,1,0,1,0,0,0,0,1,0,0,0,0,0,0,0,0,3,145,118,72,Eddie Murphy,Steve Carr,176,1
178,2.35,3,0,0,0,0,0,0,0,0,0,0,0,0,1,0,0,0,0,1,1,1,0,0,0,4,414,340,72,Mel Gibson,Mel Gibson,210,3
87,2.35,2,0,0,0,0,0,0,0,0,0,1,0,0,0,1,0,0,1,0,0,0,0,0,0,3,314,338,75,Dan Castellaneta,David Silverman,527,1
152,1.85,1,0,1,0,0,0,0,0,0,0,0,0,0,0,0,0,0,0,1,0,0,0,0,0,3,101,187,72,Jim Carrey,Frank Darabont,37,1
116,2.35,2,0,0,1,0,0,0,0,0,0,0,0,0,0,0,0,0,0,1,0,0,0,0,1,7,129,104,72,Kip Pardue,Renny Harlin,54,2
108,1.85,2,0,1,0,0,0,0,0,0,0,0,0,1,0,0,0,1,0,1,0,0,0,0,0,3,324,250,60,Bryce Dallas Howard,M. Night Shyamalan,256,2
85,1.85,2,0,0,0,0,0,0,0,1,0,1,0,0,0,0,1,0,0,0,0,0,0,0,0,6,292,218,71,Eddie Murphy,Betty Thomas,294,3
106,1.85,2,0,0,0,0,0,0,0,0,0,0,0,1,0,0,0,0,0,1,0,0,1,0,0,4,372,340,72,Mel Gibson,M. Night Shyamalan,408,3
93,1.85,1,0,1,0,0,0,0,0,1,0,1,0,0,0,1,1,0,1,0,0,0,0,0,0,3,364,388,150,Mike Myers,Andrew Adamson,919,2
117,2.35,0,0,0,1,0,0,0,0,0,0,1,0,0,0,1,1,0,1,0,0,0,0,0,0,3,364,195,120,Owen Wilson,John Lasseter,461,2
116,2.35,1,0,1,0,0,0,0,0,0,0,1,0,0,0,0,0,0,0,0,0,0,0,0,0,8,230,209,70,Julia Roberts,Garry Marshall,309,2
132,2.35,2,0,0,0,0,0,0,0,0,0,0,0,1,0,0,0,0,1,0,0,0,0,0,1,7,200,388,70,Vin Diesel,Rob Cohen,277,2
92,1.85,1,0,0,0,0,0,0,0,1,0,1,0,0,0,1,1,0,1,0,0,0,0,0,0,7,411,325,74,Tom Kenny,Paul Tibbitt,311,3
139,1.85,3,0,0,0,1,0,0,0,0,0,0,0,1,0,0,0,0,0,0,0,0,0,0,0,7,332,340,80,Mel Gibson,Ron Howard,309,3
153,2.35,3,0,0,0,0,0,0,0,0,0,0,0,0,1,0,0,0,1,1,0,0,0,0,0,7,287,293,75,Brad Pitt,Quentin Tarantino,319,3
